{
    "welcomeMessage": {
        "english": {
            "welcome": "Congratulations on your registration on the TestFactory website"
        },
        "hebrew": {
            "welcome": "ברכות על הרשמתך לאתר TestFactory"
        }
    },
    "createTest": {
        "english": {
            "successMessage": "Test Created",
            "errorMessage": "Some Error Occured"
        }
    },
    "getMyTest": {
        "english": {
            "successMessage": "Successfully retrieved data",
            "errorMessage": "Some Error Occured"
        }
    },
    "startTest": {
        "english": {
            "successMessage": "Test Started",
            "errorMessage": "Some Error Occured"
        }
    },
    "deleteMailingList": {
        "english": {
            "successMessage": "User Deleted",
            "errorMessage": "Some Error Occured"
        }
    },
    "questionbank": {
        "english": {
            "successMessage": "Question Bank Created",
            "errorMessage": "Some Error Occured"
        }
    },
    "packageError":
    {
        "english": {
            "errorMessage": "In order to send tests, go to the pricing page to find the right package for you"
        },
        "hebrew": {
            "errorMessage": "על מנת לשלוח מבחנים יש לעבור לדף המחירים ולרכוש את החבילה שמתאימה לך"
        }
    }
}